{
    "rmse": 0.6929185588573523,
    "mae": 0.5543829927884041,
    "r2": 0.2652917761622785
}